,frequency,look_back,num_nodes,batch_size,accuracy,balanced_accuracy,weighted_f1_score,weighted_precision,weighted_recall
0,10min,3,8,6,0.8836805555555556,0.5578057607921089,0.9041321681622362,0.9258789418281119,0.8836805555555556
